{
  "version": "1.1.0",
  "diagrams": [
    {
      "ordinal": 0,
      "scrollPosition": {
        "x": 808.05178836671507,
        "y": 595.65440047145535
      },
      "nodes": [
        {
          "location": {
            "x": 1399.6732608780942,
            "y": 1209.6727045381849
          },
          "nodeIndex": "Calendrier",
          "nodeLineageTag": "a6b4e3ac-dc83-4e6d-905c-e49ede55e38e",
          "size": {
            "height": 224,
            "width": 234
          },
          "zIndex": 1
        },
        {
          "location": {
            "x": 1663.560928988695,
            "y": 822.626921548591
          },
          "nodeIndex": "Classement ELO LFB",
          "nodeLineageTag": "c095ae9d-f186-4429-99ed-3f852b02ef7a",
          "size": {
            "height": 176,
            "width": 234
          },
          "zIndex": 2
        },
        {
          "location": {
            "x": 2060.6927958665647,
            "y": 727.43034074214268
          },
          "nodeIndex": "Liste Joueuses",
          "nodeLineageTag": "6d0a74ae-965a-4866-9eae-01528907b186",
          "size": {
            "height": 296,
            "width": 234
          },
          "zIndex": 3
        },
        {
          "location": {
            "x": 1737.5517769553303,
            "y": 1054.7697754310529
          },
          "nodeIndex": "Statsequipe",
          "nodeLineageTag": "2ea75db0-9c20-4398-92f8-689bf6548f65",
          "size": {
            "height": 300,
            "width": 234
          },
          "zIndex": 4
        }
      ],
      "name": "Toutes les tables",
      "zoomValue": 79.553182037699827,
      "pinKeyFieldsToTop": false,
      "showExtraHeaderInfo": false,
      "hideKeyFieldsWhenCollapsed": false,
      "tablesLocked": false
    }
  ],
  "selectedDiagram": "Toutes les tables",
  "defaultDiagram": "Toutes les tables"
}